o_acc,o_pos,o_aa1,o_aa2,rsid,acc,pos,aa1,aa2,prediction,pph2_prob,pph2_FPR,pph2_TPR
P62158,10,I,V,?,P62158,10,I,V,benign,0,1,1
P62158,16,A,T,?,P62158,16,A,T,probably damaging,0.996,0.0222,0.545
P62158,67,P,S,?,P62158,67,P,S,benign,0.034,0.178,0.946
P62158,107,R,C,?,P62158,107,R,C,benign,0.429,0.102,0.892
P62158,109,V,I,?,P62158,109,V,I,benign,0.09,0.149,0.932
P62158,143,V,L,?,P62158,143,V,L,benign,0.012,0.219,0.958
P62158,144,Q,E,?,P62158,144,Q,E,benign,0.001,0.852,0.994
P62158,131,I,T,?,P62158,131,I,T,benign,0,1,1
P62158,131,I,L,?,P62158,131,I,L,benign,0,1,1
P62158,127,R,G,?,P62158,127,R,G,benign,0.085,0.151,0.932
P62158,50,Q,R,?,P62158,50,Q,R,benign,0.004,0.408,0.975
P62158,35,T,I,?,P62158,35,T,I,benign,0.047,0.168,0.942
P62158,27,T,S,?,P62158,27,T,S,benign,0,1,1
P62158,24,G,A,?,P62158,24,G,A,benign,0.261,0.118,0.91
P62158,18,S,L,?,P62158,18,S,L,benign,0.229,0.121,0.912
P62158,14,K,R,?,P62158,14,K,R,benign,0.033,0.179,0.946
P62158,6,T,S,?,P62158,6,T,S,benign,0,1,1
P62158,10,I,T,?,P62158,10,I,T,benign,0.016,0.207,0.955
P62158,28,I,V,?,P62158,28,I,V,possibly damaging,0.491,0.0977,0.885
P62158,62,G,R,?,P62158,62,G,R,probably damaging,0.996,0.0222,0.545
P62158,77,M,I,?,P62158,77,M,I,benign,0.004,0.408,0.975
P62158,87,R,Q,?,P62158,87,R,Q,benign,0.008,0.239,0.963
P62158,89,A,V,?,P62158,89,A,V,probably damaging,0.99,0.0338,0.719
P62158,103,A,T,?,P62158,103,A,T,benign,0.273,0.116,0.908
P62158,104,A,T,?,P62158,104,A,T,benign,0.038,0.175,0.944
P62158,107,R,H,?,P62158,107,R,H,benign,0.237,0.12,0.912
P62158,138,N,S,?,P62158,138,N,S,benign,0.008,0.239,0.963
P62158,146,M,V,?,P62158,146,M,V,benign,0.059,0.162,0.938
P62158,54,N,I,?,P62158,54,N,I,possibly damaging,0.758,0.077,0.852
P62158,90,F,L,?,P62158,90,F,L,possibly damaging,0.956,0.0501,0.785
P62158,98,N,S,?,P62158,98,N,S,benign,0.041,0.172,0.943
P62158,130,D,G,?,P62158,130,D,G,probably damaging,0.994,0.0289,0.689
P62158,142,F,L,?,P62158,142,F,L,probably damaging,0.99,0.0338,0.719
P62158,136,Q,P,?,P62158,136,Q,P,possibly damaging,0.946,0.0537,0.795
P62158,134,D,H,?,P62158,134,D,H,probably damaging,0.998,0.0112,0.273
P62158,132,D,E,?,P62158,132,D,E,benign,0.17,0.131,0.919
P62158,98,N,I,?,P62158,98,N,I,probably damaging,0.994,0.0289,0.689
P62158,98,N,S,?,P62158,98,N,S,benign,0.041,0.172,0.943
